<?xml version="1.0" encoding="UTF-8"?>
<build-type xmlns:xsi="http://www.w3.org/2001/XMLSchema-instance" uuid="7a9170fb-d0f6-4ed9-91c3-88e26ebdeab8" xsi:noNamespaceSchemaLocation="https://www.jetbrains.com/teamcity/schemas/2020.1/project-config.xsd">
  <name>13. Register Pool</name>
  <description />
  <settings ref="AirGapNodeActions_CreateAndSignTransaction">
    <parameters />
    <build-runners />
    <vcs-settings />
    <requirements />
    <build-triggers />
    <dependencies>
      <depend-on sourceBuildTypeId="AirGapNodeActions_CreateNewPool_CreatePaymentAddress">
        <options>
          <option name="take-started-build-with-same-revisions" value="true" />
          <option name="take-successful-builds-only" value="true" />
        </options>
      </depend-on>
      <depend-on sourceBuildTypeId="AirGapNodeActions_CreateNewPool_CreatePoolRegistrationCertificate">
        <options>
          <option name="take-started-build-with-same-revisions" value="true" />
          <option name="take-successful-builds-only" value="true" />
        </options>
      </depend-on>
      <depend-on sourceBuildTypeId="AirGapNodeActions_CreateNewPool_CreateDelegationCertificate">
        <options>
          <option name="take-started-build-with-same-revisions" value="true" />
          <option name="take-successful-builds-only" value="true" />
        </options>
      </depend-on>
      <depend-on sourceBuildTypeId="AirGapNodeAcions_CreateStakeKeyPair">
        <options>
          <option name="take-started-build-with-same-revisions" value="true" />
          <option name="take-successful-builds-only" value="true" />
        </options>
      </depend-on>
      <depend-on sourceBuildTypeId="AirGapNodeAcions_CreatePaymentKeyPair">
        <options>
          <option name="take-started-build-with-same-revisions" value="true" />
          <option name="take-successful-builds-only" value="true" />
        </options>
      </depend-on>
      <depend-on sourceBuildTypeId="AirGapNodeAcions_GenerateColdKeys">
        <options>
          <option name="take-started-build-with-same-revisions" value="true" />
          <option name="take-successful-builds-only" value="true" />
        </options>
      </depend-on>
    </dependencies>
    <cleanup />
  </settings>
</build-type>

