<?xml version="1.0" encoding="UTF-8"?>
<build-type xmlns:xsi="http://www.w3.org/2001/XMLSchema-instance" uuid="6659f23b-05cd-474e-8504-cce8ffd57f24" xsi:noNamespaceSchemaLocation="https://www.jetbrains.com/teamcity/schemas/2020.1/project-config.xsd">
  <name>03. Create VRF Key Pair</name>
  <description />
  <settings ref="AirGapNodeActions_RunCommandAndGenerateArifactReport">
    <parameters>
      <param name="ARTIFACT_NAME" value="VRF SKey" spec="text display='hidden' validationMode='any'" />
      <param name="ARTIFACT_PATH" value="%VRF_SKEY%" spec="text validationMode='any' display='hidden'" />
    </parameters>
    <build-runners>
      <runner id="RUNNER_9" name="Run Command" type="simpleRunner">
        <parameters>
          <param name="script.content"><![CDATA[if ! [ -f "%VRF_VKEY% " -o -f "%VRF_SKEY%" ]; then
mkdir -p %KEYS_DIR%/vrf
cardano-cli node key-gen-VRF \
    --verification-key-file %VRF_VKEY% \
    --signing-key-file %VRF_SKEY%
        else
    echo 'The keys already exist. Please delete them if you want to regenerate.']
fi]]></param>
          <param name="teamcity.step.mode" value="default" />
          <param name="use.custom.script" value="true" />
        </parameters>
      </runner>
    </build-runners>
    <vcs-settings />
    <requirements />
    <build-triggers />
    <cleanup />
  </settings>
</build-type>

