<?xml version="1.0" encoding="UTF-8"?>
<build-type xmlns:xsi="http://www.w3.org/2001/XMLSchema-instance" uuid="12be08ab-8e6b-4279-bf3f-6477db93c6b4" xsi:noNamespaceSchemaLocation="https://www.jetbrains.com/teamcity/schemas/2020.1/project-config.xsd">
  <name>07. Create Stake Address</name>
  <description />
  <settings ref="AirGapNodeActions_RunCommandAndGenerateArifactReport">
    <parameters>
      <param name="ARTIFACT_NAME" value="Stake Address" spec="text display='hidden' validationMode='any'" />
      <param name="ARTIFACT_PATH" value="%STAKE_ADDR%" spec="text validationMode='any' display='hidden'" />
      <param name="STAKE_ADDR" value="stake.addr" spec="text display='hidden' validationMode='any'" />
    </parameters>
    <build-runners>
      <runner id="RUNNER_9" name="Run Command" type="simpleRunner">
        <parameters>
          <param name="script.content"><![CDATA[cardano-cli stake-address build \
    --stake-verification-key-file %STAKE_VKEY% \
    --out-file %STAKE_ADDR% \
    %NETWORK_CONFIG%]]></param>
          <param name="teamcity.step.mode" value="default" />
          <param name="use.custom.script" value="true" />
        </parameters>
      </runner>
    </build-runners>
    <vcs-settings />
    <requirements />
    <build-triggers />
    <dependencies>
      <depend-on sourceBuildTypeId="AirGapNodeAcions_CreateStakeKeyPair">
        <options>
          <option name="take-started-build-with-same-revisions" value="true" />
          <option name="take-successful-builds-only" value="true" />
        </options>
      </depend-on>
    </dependencies>
    <cleanup />
  </settings>
</build-type>

