<?xml version="1.0" encoding="UTF-8"?>
<build-type xmlns:xsi="http://www.w3.org/2001/XMLSchema-instance" uuid="bc3b32d2-28e8-41c5-a44d-bc471482fcb3" xsi:noNamespaceSchemaLocation="https://www.jetbrains.com/teamcity/schemas/2020.1/project-config.xsd">
  <name>14. Generate Pool ID</name>
  <description />
  <settings ref="AirGapNodeActions_RunCommandAndGenerateArifactReport">
    <parameters>
      <param name="ARTIFACT_NAME" value="Pool ID" spec="text display='hidden' validationMode='any'" />
      <param name="ARTIFACT_PATH" value="%POOL_ID%" spec="text validationMode='any' display='hidden'" />
    </parameters>
    <build-runners>
      <runner id="RUNNER_9" name="Run Command" type="simpleRunner">
        <parameters>
          <param name="script.content"><![CDATA[cardano-cli stake-pool id \
--cold-verification-key-file %NODE_VKEY% \
--output-format hex > %ARTIFACT_PATH%]]></param>
          <param name="teamcity.step.mode" value="default" />
          <param name="use.custom.script" value="true" />
        </parameters>
      </runner>
    </build-runners>
    <vcs-settings />
    <requirements />
    <build-triggers />
    <cleanup />
  </settings>
</build-type>

