<?xml version="1.0" encoding="UTF-8"?>
<build-type xmlns:xsi="http://www.w3.org/2001/XMLSchema-instance" uuid="fbc565da-918d-4b91-bd46-9bae6f7c0245" xsi:noNamespaceSchemaLocation="https://www.jetbrains.com/teamcity/schemas/2020.1/project-config.xsd">
  <name>Submit Pool and Delegation Certs</name>
  <description />
  <settings ref="AirGapNodeActions_CreateAndSignTransaction">
    <options>
      <option name="publishArtifactCondition" value="NORMALLY_FINISHED" />
    </options>
    <parameters />
    <build-runners />
    <vcs-settings />
    <requirements />
    <build-triggers />
    <cleanup />
  </settings>
</build-type>

