<?xml version="1.0" encoding="UTF-8"?>
<build-type xmlns:xsi="http://www.w3.org/2001/XMLSchema-instance" uuid="496280a1-4f86-4b3b-a438-f5d4125b8ead" xsi:noNamespaceSchemaLocation="https://www.jetbrains.com/teamcity/schemas/2020.1/project-config.xsd">
  <name>Create Delegation Certificate</name>
  <description />
  <settings ref="AirGapNodeActions_CreateDelegationCertificate">
    <options>
      <option name="publishArtifactCondition" value="SUCCESSFUL" />
    </options>
    <parameters />
    <build-runners />
    <vcs-settings />
    <requirements />
    <build-triggers />
    <cleanup />
  </settings>
</build-type>

